<xml xmlns:o="urn:schemas-microsoft-com:office:office">
 <o:File href="slide0011.htm"/>
 <o:File href="master03.htm"/>
 <o:File href="slide0008.htm"/>
 <o:File href="slide0055.htm"/>
 <o:File href="master03.xml"/>
 <o:File href="image151.png"/>
 <o:File href="slide0005.htm"/>
 <o:File href="slide0058.htm"/>
 <o:File href="master03_stylesheet.css"/>
 <o:File href="slide0001.htm"/>
 <o:File href="slide0002.htm"/>
 <o:File href="slide0046_image111.png"/>
 <o:File href="slide0003.htm"/>
 <o:File href="slide0004.htm"/>
 <o:File href="slide0059.htm"/>
 <o:File href="slide0006.htm"/>
 <o:File href="image087.png"/>
 <o:File href="slide0007.htm"/>
 <o:File href="image001.png"/>
 <o:File href="slide0009.htm"/>
 <o:File href="slide0054.htm"/>
 <o:File href="image119.png"/>
 <o:File href="slide0040_image104.png"/>
 <o:File href="slide0010.htm"/>
 <o:File href="slide0012.htm"/>
 <o:File href="slide0013.htm"/>
 <o:File href="slide0049.htm"/>
 <o:File href="slide0040_image100.png"/>
 <o:File href="slide0014.htm"/>
 <o:File href="slide0055_image150.png"/>
 <o:File href="slide0048.htm"/>
 <o:File href="slide0060_image165.png"/>
 <o:File href="slide0015.htm"/>
 <o:File href="slide0016.htm"/>
 <o:File href="slide0017.htm"/>
 <o:File href="slide0045.htm"/>
 <o:File href="slide0018.htm"/>
 <o:File href="slide0044.htm"/>
 <o:File href="slide0019.htm"/>
 <o:File href="slide0020.htm"/>
 <o:File href="slide0021.htm"/>
 <o:File href="slide0038_image092.png"/>
 <o:File href="slide0022.htm"/>
 <o:File href="slide0023.htm"/>
 <o:File href="slide0024.htm"/>
 <o:File href="slide0025.htm"/>
 <o:File href="slide0034_image074.png"/>
 <o:File href="slide0026.htm"/>
 <o:File href="slide0027.htm"/>
 <o:File href="slide0028.htm"/>
 <o:File href="slide0029.htm"/>
 <o:File href="slide0030.htm"/>
 <o:File href="slide0005_image016.png"/>
 <o:File href="slide0031.htm"/>
 <o:File href="slide0032.htm"/>
 <o:File href="slide0033.htm"/>
 <o:File href="slide0034.htm"/>
 <o:File href="slide0035.htm"/>
 <o:File href="slide0036.htm"/>
 <o:File href="slide0040_image101.png"/>
 <o:File href="slide0037.htm"/>
 <o:File href="pres.xml"/>
 <o:File href="slide0012_image033.png"/>
 <o:File href="slide0038.htm"/>
 <o:File href="slide0039.htm"/>
 <o:File href="slide0040.htm"/>
 <o:File href="slide0041.htm"/>
 <o:File href="slide0042.htm"/>
 <o:File href="slide0043.htm"/>
 <o:File href="slide0046.htm"/>
 <o:File href="slide0015_image043.png"/>
 <o:File href="slide0047.htm"/>
 <o:File href="slide0050.htm"/>
 <o:File href="slide0013_image035.png"/>
 <o:File href="slide0051.htm"/>
 <o:File href="outline.htm"/>
 <o:File href="slide0052.htm"/>
 <o:File href="slide0053.htm"/>
 <o:File href="slide0056.htm"/>
 <o:File href="slide0057.htm"/>
 <o:File href="image017.png"/>
 <o:File href="slide0060.htm"/>
 <o:File href="slide0012_image032.png"/>
 <o:File href="frame.htm"/>
 <o:File href="script.js"/>
 <o:File href="fullscreen.htm"/>
 <o:File href="sound001.wav"/>
 <o:File href="image002.png"/>
 <o:File href="slide0001_image003.png"/>
 <o:File href="slide0015_image045.png"/>
 <o:File href="slide0001_image004.png"/>
 <o:File href="slide0015_image044.png"/>
 <o:File href="slide0001_image005.png"/>
 <o:File href="slide0002_image006.png"/>
 <o:File href="slide0002_image007.png"/>
 <o:File href="image008.jpeg"/>
 <o:File href="image009.png"/>
 <o:File href="image010.png"/>
 <o:File href="image011.png"/>
 <o:File href="slide0004_image012.png"/>
 <o:File href="slide0004_image013.png"/>
 <o:File href="image014.png"/>
 <o:File href="slide0057_image157.png"/>
 <o:File href="slide0005_image015.png"/>
 <o:File href="image018.png"/>
 <o:File href="slide0037_image085.png"/>
 <o:File href="slide0009_image019.png"/>
 <o:File href="slide0009_image020.png"/>
 <o:File href="slide0009_image021.png"/>
 <o:File href="slide0009_image022.png"/>
 <o:File href="slide0037_image084.png"/>
 <o:File href="slide0010_image023.png"/>
 <o:File href="slide0011_image024.png"/>
 <o:File href="slide0011_image025.png"/>
 <o:File href="image026.png"/>
 <o:File href="image027.png"/>
 <o:File href="slide0012_image028.png"/>
 <o:File href="slide0052_image117.png"/>
 <o:File href="slide0044_image109.png"/>
 <o:File href="slide0012_image029.png"/>
 <o:File href="slide0012_image030.png"/>
 <o:File href="slide0012_image031.png"/>
 <o:File href="slide0013_image034.png"/>
 <o:File href="slide0014_image036.png"/>
 <o:File href="slide0014_image037.png"/>
 <o:File href="slide0014_image038.png"/>
 <o:File href="slide0014_image039.png"/>
 <o:File href="image040.png"/>
 <o:File href="image041.png"/>
 <o:File href="image042.jpeg"/>
 <o:File href="slide0015_image046.png"/>
 <o:File href="slide0016_image047.png"/>
 <o:File href="image048.png"/>
 <o:File href="image049.png"/>
 <o:File href="image120.png"/>
 <o:File href="slide0017_image050.png"/>
 <o:File href="image121.png"/>
 <o:File href="slide0017_image051.png"/>
 <o:File href="slide0017_image052.png"/>
 <o:File href="slide0020_image053.png"/>
 <o:File href="slide0038_image088.png"/>
 <o:File href="slide0020_image054.png"/>
 <o:File href="slide0038_image089.png"/>
 <o:File href="slide0020_image055.png"/>
 <o:File href="slide0020_image056.png"/>
 <o:File href="slide0020_image057.png"/>
 <o:File href="slide0020_image058.png"/>
 <o:File href="slide0020_image059.png"/>
 <o:File href="slide0020_image060.png"/>
 <o:File href="slide0021_image061.png"/>
 <o:File href="slide0021_image062.png"/>
 <o:File href="slide0021_image063.png"/>
 <o:File href="slide0021_image064.png"/>
 <o:File href="slide0021_image065.png"/>
 <o:File href="slide0022_image066.png"/>
 <o:File href="image067.jpeg"/>
 <o:File href="image068.jpeg"/>
 <o:File href="slide0023_image069.png"/>
 <o:File href="slide0023_image070.png"/>
 <o:File href="slide0052_image118.png"/>
 <o:File href="slide0023_image071.png"/>
 <o:File href="slide0025_image072.png"/>
 <o:File href="slide0025_image073.png"/>
 <o:File href="image075.png"/>
 <o:File href="image076.png"/>
 <o:File href="slide0034_image077.png"/>
 <o:File href="slide0046_image113.png"/>
 <o:File href="slide0035_image078.png"/>
 <o:File href="slide0036_image079.png"/>
 <o:File href="slide0036_image080.png"/>
 <o:File href="slide0036_image081.png"/>
 <o:File href="image097.jpeg"/>
 <o:File href="slide0036_image082.png"/>
 <o:File href="slide0047_image114.png"/>
 <o:File href="slide0037_image083.png"/>
 <o:File href="slide0037_image086.png"/>
 <o:File href="slide0038_image090.png"/>
 <o:File href="slide0038_image091.png"/>
 <o:File href="slide0038_image093.png"/>
 <o:File href="slide0038_image094.png"/>
 <o:File href="slide0039_image095.png"/>
 <o:File href="image096.png"/>
 <o:File href="slide0040_image098.png"/>
 <o:File href="slide0040_image099.png"/>
 <o:File href="slide0040_image102.png"/>
 <o:File href="slide0040_image103.png"/>
 <o:File href="slide0042_image105.png"/>
 <o:File href="slide0042_image106.png"/>
 <o:File href="slide0042_image107.png"/>
 <o:File href="slide0042_image108.png"/>
 <o:File href="slide0046_image110.png"/>
 <o:File href="slide0046_image112.png"/>
 <o:File href="slide0047_image115.png"/>
 <o:File href="slide0047_image116.png"/>
 <o:File href="slide0053_image122.png"/>
 <o:File href="slide0053_image123.png"/>
 <o:File href="slide0053_image124.png"/>
 <o:File href="slide0053_image125.png"/>
 <o:File href="slide0053_image126.png"/>
 <o:File href="slide0053_image127.png"/>
 <o:File href="slide0053_image128.png"/>
 <o:File href="image129.png"/>
 <o:File href="image130.png"/>
 <o:File href="image131.png"/>
 <o:File href="image132.png"/>
 <o:File href="image133.png"/>
 <o:File href="image134.png"/>
 <o:File href="image135.png"/>
 <o:File href="image136.png"/>
 <o:File href="image149.webp"/>
 <o:File href="image137.png"/>
 <o:File href="image138.png"/>
 <o:File href="buttons.gif"/>
 <o:File href="image139.png"/>
 <o:File href="image140.png"/>
 <o:File href="image141.png"/>
 <o:File href="image142.png"/>
 <o:File href="slide0054_image143.png"/>
 <o:File href="slide0060_image161.png"/>
 <o:File href="slide0054_image144.png"/>
 <o:File href="slide0054_image145.png"/>
 <o:File href="slide0060_image163.png"/>
 <o:File href="slide0054_image146.png"/>
 <o:File href="image147.png"/>
 <o:File href="slide0055_image148.png"/>
 <o:File href="image152.png"/>
 <o:File href="image153.png"/>
 <o:File href="slide0056_image154.png"/>
 <o:File href="slide0056_image155.png"/>
 <o:File href="slide0056_image156.png"/>
 <o:File href="slide0057_image158.png"/>
 <o:File href="slide0057_image159.png"/>
 <o:File href="slide0057_image160.png"/>
 <o:File href="slide0060_image162.png"/>
 <o:File href="slide0060_image164.png"/>
 <o:File href="notes_flag.gif"/>
 <o:File href="filelist.xml"/>
</xml>
