<xml xmlns:v="urn:schemas-microsoft-com:vml" xmlns:p="urn:schemas-microsoft-com:office:powerpoint" xmlns:o="urn:schemas-microsoft-com:office:office" xmlns:oa="urn:schemas-microsoft-com:office:activation"><o:shapelayout v:ext="edit"><o:idmap v:ext="edit" data="1"/></o:shapelayout><p:colorscheme colors="#ffffff,#000000,#e7e6e6,#44546a,#4874cb,#ee822f,#0026e5,#7e1fad"/><v:background id="_x0000_s0" o:spt="1" fillcolor="#FFFFFF [0]" filled="t" stroked="f" coordsize="21600,21600"><v:fill on="t" focussize="0,0"/><v:stroke on="f"/><o:lock v:ext="edit"/></v:background><p:shaperange id="标题占位符 1_x0000_s1027"><v:shapetype o:master="" id="标题占位符 1_x0000_s1027" o:spt="1" style="position:absolute;left:66pt;top:28.75pt;height:104.375039370079pt;width:828pt;v-text-anchor:middle;" filled="f" stroked="f" coordsize="10515600,1325563" path="m0,0l10515600,0,10515600,1325563,0,1325563xe"><v:fill on="f" focussize="0,0"/><v:stroke on="f"/><o:lock v:ext="edit" grouping="t" aspectratio="f"/><v:textbox style="layout-flow:horizontal;"/><p:placeholder type="title" position="-1"/></v:shapetype></p:shaperange><p:shaperange id="文本占位符 2_x0000_s1028"><v:shapetype o:master="" id="文本占位符 2_x0000_s1028" o:spt="1" style="position:absolute;left:66pt;top:143.75pt;height:342.625039370079pt;width:828pt;v-text-anchor:top;" filled="f" stroked="f" coordsize="10515600,4351338" path="m0,0l10515600,0,10515600,4351338,0,4351338xe"><v:fill on="f" focussize="0,0"/><v:stroke on="f"/><o:lock v:ext="edit" grouping="t" aspectratio="f"/><v:textbox style="layout-flow:horizontal;"/><p:placeholder type="body" position="-1"/></v:shapetype></p:shaperange><p:shaperange id="日期占位符 3_x0000_s1029"><v:shapetype o:master="" id="日期占位符 3_x0000_s1029" o:spt="1" style="position:absolute;left:66pt;top:500.5pt;height:28.75pt;width:216pt;v-text-anchor:middle;" filled="f" stroked="f" coordsize="2743200,365125" path="m0,0l2743200,0,2743200,365125,0,365125xe"><v:fill on="f" focussize="0,0"/><v:stroke on="f"/><o:lock v:ext="edit" grouping="t" aspectratio="f"/><v:textbox style="layout-flow:horizontal;"/><p:placeholder type="dateTime" size="half" position="-1"/></v:shapetype></p:shaperange><p:shaperange id="页脚占位符 4_x0000_s1030"><v:shapetype o:master="" id="页脚占位符 4_x0000_s1030" o:spt="1" style="position:absolute;left:318pt;top:500.5pt;height:28.75pt;width:324pt;v-text-anchor:middle;" filled="f" stroked="f" coordsize="4114800,365125" path="m0,0l4114800,0,4114800,365125,0,365125xe"><v:fill on="f" focussize="0,0"/><v:stroke on="f"/><o:lock v:ext="edit" grouping="t" aspectratio="f"/><v:textbox style="layout-flow:horizontal;"/><p:placeholder type="footer" size="quarter" position="-1"/></v:shapetype></p:shaperange><p:shaperange id="灯片编号占位符 5_x0000_s1031"><v:shapetype o:master="" id="灯片编号占位符 5_x0000_s1031" o:spt="1" style="position:absolute;left:678pt;top:500.5pt;height:28.75pt;width:216pt;v-text-anchor:middle;" filled="f" stroked="f" coordsize="2743200,365125" path="m0,0l2743200,0,2743200,365125,0,365125xe"><v:fill on="f" focussize="0,0"/><v:stroke on="f"/><o:lock v:ext="edit" grouping="t" aspectratio="f"/><v:textbox style="layout-flow:horizontal;"/><p:placeholder type="slideNumber" size="quarter" position="-1"/></v:shapetype></p:shaperange></xml>