<xml xmlns:v="urn:schemas-microsoft-com:vml" xmlns:o="urn:schemas-microsoft-com:office:office" xmlns:p="urn:schemas-microsoft-com:office:powerpoint" xmlns:oa="urn:schemas-microsoft-com:office:activation">
 <p:presentation gridspacingx="45722" gridspacingy="45722" sizeof="custom" slidesizex="7680" slidesizey="4320">
  <p:master id="3" type="main" href="master03.htm" xmlhref="master03.xml" template="WPS">
   <p:schemes>
    <p:colorscheme colors="#ffffff,#000000,#e7e6e6,#44546a,#4874cb,#ee822f,#0026e5,#7e1fad"/>
   </p:schemes>
  </p:master>
  <p:slide id="1" href="slide0001.htm" layout="title_subtitle" masterhref="master03.htm"/>
  <p:slide id="2" href="slide0002.htm" layout="title_body" masterhref="master03.htm"/>
  <p:slide id="3" href="slide0003.htm" layout="title_body" masterhref="master03.htm"/>
  <p:slide id="4" href="slide0004.htm" layout="title_body" masterhref="master03.htm"/>
  <p:slide id="5" href="slide0005.htm" layout="title_body" masterhref="master03.htm"/>
  <p:slide id="6" href="slide0006.htm" layout="title_body" masterhref="master03.htm"/>
  <p:slide id="7" href="slide0007.htm" layout="title_body" masterhref="master03.htm"/>
  <p:slide id="8" href="slide0008.htm" layout="title_body" masterhref="master03.htm"/>
  <p:slide id="9" href="slide0009.htm" layout="title_body" masterhref="master03.htm"/>
  <p:slide id="10" href="slide0010.htm" layout="title_body" masterhref="master03.htm"/>
  <p:slide id="11" href="slide0011.htm" layout="title_body" masterhref="master03.htm"/>
  <p:slide id="12" href="slide0012.htm" layout="title_body" masterhref="master03.htm"/>
  <p:slide id="13" href="slide0013.htm" layout="title_body" masterhref="master03.htm"/>
  <p:slide id="14" href="slide0014.htm" layout="title_body" masterhref="master03.htm"/>
  <p:slide id="15" href="slide0015.htm" layout="title_body" masterhref="master03.htm"/>
  <p:slide id="16" href="slide0016.htm" layout="title_body" masterhref="master03.htm"/>
  <p:slide id="17" href="slide0017.htm" layout="title_body" masterhref="master03.htm"/>
  <p:slide id="18" href="slide0018.htm" layout="title_body" masterhref="master03.htm"/>
  <p:slide id="19" href="slide0019.htm" layout="title_body" masterhref="master03.htm"/>
  <p:slide id="20" href="slide0020.htm" layout="title_body" masterhref="master03.htm"/>
  <p:slide id="21" href="slide0021.htm" layout="title_body" masterhref="master03.htm"/>
  <p:slide id="22" href="slide0022.htm" layout="title_body" masterhref="master03.htm"/>
  <p:slide id="23" href="slide0023.htm" layout="title_body" masterhref="master03.htm"/>
  <p:slide id="24" href="slide0024.htm" layout="title_body" masterhref="master03.htm"/>
  <p:slide id="25" href="slide0025.htm" layout="title_body" masterhref="master03.htm"/>
  <p:slide id="26" href="slide0026.htm" layout="title_body" masterhref="master03.htm"/>
  <p:slide id="27" href="slide0027.htm" layout="title_body" masterhref="master03.htm"/>
  <p:slide id="28" href="slide0028.htm" layout="title_body" masterhref="master03.htm"/>
  <p:slide id="29" href="slide0029.htm" layout="title_body" masterhref="master03.htm"/>
  <p:slide id="30" href="slide0030.htm" layout="title_body" masterhref="master03.htm"/>
  <p:slide id="31" href="slide0031.htm" layout="title_body" masterhref="master03.htm"/>
  <p:slide id="32" href="slide0032.htm" layout="title_body" masterhref="master03.htm"/>
  <p:slide id="33" href="slide0033.htm" layout="title_body" masterhref="master03.htm"/>
  <p:slide id="34" href="slide0034.htm" layout="title_body" masterhref="master03.htm"/>
  <p:slide id="35" href="slide0035.htm" layout="title_body" masterhref="master03.htm"/>
  <p:slide id="36" href="slide0036.htm" layout="title_body" masterhref="master03.htm"/>
  <p:slide id="37" href="slide0037.htm" layout="title_body" masterhref="master03.htm"/>
  <p:slide id="38" href="slide0038.htm" layout="title_body" masterhref="master03.htm"/>
  <p:slide id="39" href="slide0039.htm" layout="title_body" masterhref="master03.htm"/>
  <p:slide id="40" href="slide0040.htm" layout="title_body" masterhref="master03.htm"/>
  <p:slide id="41" href="slide0041.htm" layout="title_body" masterhref="master03.htm"/>
  <p:slide id="42" href="slide0042.htm" layout="title_body" masterhref="master03.htm"/>
  <p:slide id="43" href="slide0043.htm" layout="title_body" masterhref="master03.htm"/>
  <p:slide id="44" href="slide0044.htm" layout="title_body" masterhref="master03.htm"/>
  <p:slide id="45" href="slide0045.htm" layout="title_body" masterhref="master03.htm"/>
  <p:slide id="46" href="slide0046.htm" layout="title_body" masterhref="master03.htm"/>
  <p:slide id="47" href="slide0047.htm" layout="title_body" masterhref="master03.htm"/>
  <p:slide id="48" href="slide0048.htm" layout="title_body" masterhref="master03.htm"/>
  <p:slide id="49" href="slide0049.htm" layout="title_body" masterhref="master03.htm"/>
  <p:slide id="50" href="slide0050.htm" layout="title_body" masterhref="master03.htm"/>
  <p:slide id="51" href="slide0051.htm" layout="title_body" masterhref="master03.htm"/>
  <p:slide id="52" href="slide0052.htm" layout="title_body" masterhref="master03.htm"/>
  <p:slide id="53" href="slide0053.htm" layout="title_body" masterhref="master03.htm"/>
  <p:slide id="54" href="slide0054.htm" layout="title_body" masterhref="master03.htm"/>
  <p:slide id="55" href="slide0055.htm" layout="title_body" masterhref="master03.htm"/>
  <p:slide id="56" href="slide0056.htm" layout="title_body" masterhref="master03.htm"/>
  <p:slide id="57" href="slide0057.htm" layout="title_body" masterhref="master03.htm"/>
  <p:slide id="58" href="slide0058.htm" layout="title_body" masterhref="master03.htm"/>
  <p:slide id="59" href="slide0059.htm" layout="title_body" masterhref="master03.htm"/>
  <p:slide id="60" href="slide0060.htm" layout="title_body" masterhref="master03.htm"/>
  <p:viewstate type="slideView" slidehref="slide0001.htm"/>
  <p:headersfooters formatid="0" nofooter="t" noheader="t" nodate="t"/>
  <p:pptdocumentsettings framecolors="WhiteTextOnBlack" hideslideanimation="t" browsersupport="v4"/>
 </p:presentation>
</xml>
